1	1000	rknn1	399.60 setrunget=402.06	npu_hz=1000000000->1000000000	temp= 38 38 38 38 37 37 37
1	1000	ours	574.15	npu_hz=1000000000->1000000000	temp= 41 42 42 42 40 39 40
1	1000	cpu	825.97	npu_hz=1000000000->1000000000	temp= 43 44 44 43 41 41 41
1	1000	rknn3	344.25 setrunget=346.70	npu_hz=1000000000->1000000000	temp= 39 39 39 39 38 38 38
1	600	rknn1	421.54 setrunget=423.99	npu_hz=600000000->600000000	temp= 38 39 39 39 38 38 38
1	600	ours	578.88	npu_hz=600000000->600000000	temp= 42 43 43 42 41 40 41
1	600	cpu	821.08	npu_hz=600000000->600000000	temp= 44 45 45 45 42 41 42
1	600	rknn3	364.49 setrunget=366.94	npu_hz=600000000->600000000	temp= 39 39 40 39 39 39 39
2	600	ours	579.70	npu_hz=600000000->600000000	temp= 42 43 43 43 41 40 41
2	600	cpu	817.61	npu_hz=600000000->600000000	temp= 44 45 45 45 43 42 42
2	600	rknn3	364.36 setrunget=366.82	npu_hz=600000000->600000000	temp= 40 40 40 40 39 38 39
2	600	rknn1	421.40 setrunget=423.86	npu_hz=600000000->600000000	temp= 39 40 40 40 39 38 39
2	1000	ours	777.75	npu_hz=1000000000->1000000000	temp= 43 43 43 43 42 40 41
2	1000	cpu	845.96	npu_hz=1000000000->1000000000	temp= 44 45 45 44 43 42 42
2	1000	rknn3	344.30 setrunget=346.76	npu_hz=1000000000->1000000000	temp= 40 40 40 40 40 39 39
2	1000	rknn1	399.60 setrunget=402.06	npu_hz=1000000000->1000000000	temp= 40 40 40 40 39 39 39
3	1000	cpu	882.29	npu_hz=1000000000->1000000000	temp= 44 45 45 44 42 42 43
3	1000	rknn3	344.14 setrunget=346.58	npu_hz=1000000000->1000000000	temp= 40 40 40 41 40 39 40
3	1000	rknn1	399.64 setrunget=402.08	npu_hz=1000000000->1000000000	temp= 40 40 40 40 40 39 40
3	1000	ours	753.07	npu_hz=1000000000->1000000000	temp= 43 44 44 44 42 41 42
3	600	cpu	879.62	npu_hz=600000000->600000000	temp= 45 46 46 45 43 42 43
3	600	rknn3	364.27 setrunget=366.72	npu_hz=600000000->600000000	temp= 41 40 41 40 40 40 40
3	600	rknn1	421.28 setrunget=423.73	npu_hz=600000000->600000000	temp= 40 40 41 40 39 39 40
3	600	ours	581.46	npu_hz=600000000->600000000	temp= 43 44 44 44 42 41 42
4	600	rknn3	364.34 setrunget=366.80	npu_hz=600000000->600000000	temp= 40 40 41 41 40 39 40
4	600	rknn1	421.41 setrunget=423.87	npu_hz=600000000->600000000	temp= 40 40 40 40 40 39 39
4	600	ours	586.81	npu_hz=600000000->600000000	temp= 44 44 44 44 42 42 42
4	600	cpu	828.87	npu_hz=600000000->600000000	temp= 45 46 46 46 44 43 44
4	1000	rknn3	344.30 setrunget=346.76	npu_hz=1000000000->1000000000	temp= 41 41 41 41 40 40 40
4	1000	rknn1	399.62 setrunget=402.07	npu_hz=1000000000->1000000000	temp= 40 41 41 40 40 39 40
4	1000	ours	585.09	npu_hz=1000000000->1000000000	temp= 44 45 44 44 43 42 42
4	1000	cpu	820.47	npu_hz=1000000000->1000000000	temp= 45 46 46 46 44 43 44
5	1000	rknn1	399.61 setrunget=402.07	npu_hz=1000000000->1000000000	temp= 41 41 41 41 40 40 40
5	1000	ours	581.24	npu_hz=1000000000->1000000000	temp= 44 45 45 44 43 42 43
5	1000	cpu	871.52	npu_hz=1000000000->1000000000	temp= 45 46 47 46 44 43 44
5	1000	rknn3	344.12 setrunget=346.58	npu_hz=1000000000->1000000000	temp= 41 41 41 41 40 40 40
5	600	rknn1	421.20 setrunget=423.65	npu_hz=600000000->600000000	temp= 41 41 41 41 40 39 40
5	600	ours	615.70	npu_hz=600000000->600000000	temp= 44 44 45 44 43 42 43
5	600	cpu	831.99	npu_hz=600000000->600000000	temp= 45 46 46 46 44 43 44
5	600	rknn3	364.37 setrunget=366.83	npu_hz=600000000->600000000	temp= 41 41 41 41 40 40 40
