bucket	arm	files	pass	wall_s	user_s	sys_s	cpu_s	gcycles_u	out_md5
b01	cpu	1	1	1.28	1.87	0.78	2.65	3.906	e933b66d7d9e
b01	cpu	1	2	1.25	1.83	0.76	2.59	3.775	e933b66d7d9e
b01	cpu	1	3	1.23	1.80	0.76	2.56	3.765	e933b66d7d9e
b01	cpu	10	1	6.03	20.64	0.82	21.46	43.303	24ec41e25518
b01	cpu	10	2	5.89	19.84	0.86	20.70	41.483	24ec41e25518
b01	cpu	10	3	5.82	19.62	0.80	20.42	40.884	24ec41e25518
b02	cpu	1	1	1.46	2.62	0.78	3.40	5.494	1833640d821c
b02	cpu	1	2	1.44	2.54	0.80	3.34	5.327	1833640d821c
b02	cpu	1	3	1.44	2.54	0.76	3.30	5.235	1833640d821c
b02	cpu	1	w0	1.46	2.58	0.82	3.40	5.495	1833640d821c
b02	cpu	10	1	7.68	26.93	0.88	27.81	56.420	0ef92a5f32ae
b02	cpu	10	2	7.44	26.02	0.84	26.86	54.277	0ef92a5f32ae
b02	cpu	10	3	7.35	25.85	0.84	26.69	53.917	0ef92a5f32ae
b03	cpu	1	1	1.76	3.78	0.80	4.58	7.937	e48e61541060
b03	cpu	1	2	1.75	3.69	0.76	4.45	7.666	e48e61541060
b03	cpu	1	3	1.73	3.69	0.77	4.46	7.658	e48e61541060
b03	cpu	10	1	10.56	38.41	0.96	39.37	80.419	8266698b774a
b03	cpu	10	2	10.14	36.83	0.94	37.77	76.950	8266698b774a
b03	cpu	10	3	10.17	36.93	0.93	37.86	77.111	8266698b774a
b05	cpu	1	1	2.35	6.07	0.82	6.89	12.708	f4eef046903d
b05	cpu	1	2	2.32	5.98	0.81	6.79	12.468	f4eef046903d
b05	cpu	1	3	2.30	5.88	0.82	6.70	12.320	f4eef046903d
b05	cpu	10	1	15.42	57.45	1.08	58.53	120.082	bcf9fb6d045b
b05	cpu	10	2	15.36	57.32	1.04	58.36	119.618	bcf9fb6d045b
b05	cpu	10	3	15.19	56.44	1.11	57.55	117.979	bcf9fb6d045b
b08	cpu	1	1	3.12	9.11	0.85	9.96	19.053	e4f4df6e32cb
b08	cpu	1	2	3.01	8.72	0.82	9.54	18.149	e4f4df6e32cb
b08	cpu	1	3	3.01	8.70	0.84	9.54	18.210	e4f4df6e32cb
b08	cpu	10	1	24.23	92.09	1.42	93.51	192.413	b6580fa8231c
b08	cpu	10	2	23.51	89.51	1.32	90.83	186.715	b6580fa8231c
b08	cpu	10	3	23.42	89.10	1.31	90.41	185.834	b6580fa8231c
b12	cpu	1	1	4.43	14.14	0.86	15.00	29.512	8a438a8d0e7c
b12	cpu	1	2	4.35	14.05	0.85	14.90	29.317	8a438a8d0e7c
b12	cpu	1	3	4.37	14.03	0.87	14.90	29.331	8a438a8d0e7c
b12	cpu	10	1	38.20	147.67	1.51	149.18	307.789	d10a8d340387
b12	cpu	10	2	37.87	146.09	1.75	147.84	304.960	d10a8d340387
b12	cpu	10	3	37.09	143.06	1.61	144.67	298.227	d10a8d340387
b01	cpup	1	1	1.29	1.83	0.80	2.63	3.824	e933b66d7d9e
b01	cpup	1	2	1.26	1.72	0.83	2.55	3.637	e933b66d7d9e
b01	cpup	1	3	1.26	1.72	0.81	2.53	3.592	e933b66d7d9e
b01	cpup	10	1	6.10	19.47	1.10	20.57	40.790	24ec41e25518
b01	cpup	10	2	6.08	19.54	1.08	20.62	40.673	24ec41e25518
b01	cpup	10	3	5.97	19.05	1.12	20.17	39.616	24ec41e25518
b02	cpup	1	1	1.49	2.55	0.82	3.37	5.313	1833640d821c
b02	cpup	1	2	1.45	2.46	0.83	3.29	5.176	1833640d821c
b02	cpup	1	3	1.45	2.53	0.78	3.31	5.209	1833640d821c
b02	cpup	10	1	7.95	26.60	1.03	27.63	55.382	0ef92a5f32ae
b02	cpup	10	2	7.72	25.63	1.12	26.75	53.277	0ef92a5f32ae
b02	cpup	10	3	7.64	25.28	1.08	26.36	52.419	0ef92a5f32ae
b03	cpup	1	1	1.80	3.73	0.84	4.57	7.795	e48e61541060
b03	cpup	1	2	1.77	3.60	0.83	4.43	7.523	e48e61541060
b03	cpup	1	3	1.80	3.59	0.82	4.41	7.442	e48e61541060
b03	cpup	10	1	10.81	37.28	1.18	38.46	77.712	8266698b774a
b03	cpup	10	2	10.63	36.65	1.34	37.99	76.466	8266698b774a
b03	cpup	10	3	10.55	36.39	1.25	37.64	75.748	8266698b774a
b05	cpup	1	1	2.40	6.03	0.84	6.87	12.592	f4eef046903d
b05	cpup	1	2	2.35	5.84	0.84	6.68	12.157	f4eef046903d
b05	cpup	1	3	2.34	5.80	0.85	6.65	12.120	f4eef046903d
b05	cpup	10	1	16.11	57.70	1.43	59.13	120.059	bcf9fb6d045b
b05	cpup	10	2	15.95	56.61	1.49	58.10	117.750	bcf9fb6d045b
b05	cpup	10	3	15.49	55.09	1.44	56.53	114.647	bcf9fb6d045b
b08	cpup	1	1	3.19	9.02	0.86	9.88	18.708	e4f4df6e32cb
b08	cpup	1	2	3.08	8.64	0.91	9.55	18.055	e4f4df6e32cb
b08	cpup	1	3	3.09	8.68	0.84	9.52	18.008	e4f4df6e32cb
b08	cpup	10	1	24.90	90.80	1.86	92.66	189.078	b6580fa8231c
b08	cpup	10	2	24.50	88.81	1.95	90.76	185.216	b6580fa8231c
b08	cpup	10	3	23.84	87.04	1.73	88.77	180.824	b6580fa8231c
b12	cpup	1	1	4.54	14.16	0.98	15.14	29.632	8a438a8d0e7c
b12	cpup	1	2	4.48	13.91	0.92	14.83	28.981	8a438a8d0e7c
b12	cpup	1	3	4.47	13.96	0.89	14.85	28.924	8a438a8d0e7c
b12	cpup	10	1	39.24	146.02	2.31	148.33	304.004	d10a8d340387
b12	cpup	10	2	38.83	144.82	2.26	147.08	301.243	d10a8d340387
b12	cpup	10	3	38.47	143.00	2.37	145.37	297.638	d10a8d340387
b01	def	1	1	1.25	1.83	0.79	2.62	3.863	e933b66d7d9e
b01	def	1	2	1.26	1.80	0.79	2.59	3.731	e933b66d7d9e
b01	def	1	3	1.23	1.77	0.77	2.54	3.694	e933b66d7d9e
b01	def	10	1	6.14	20.88	0.82	21.70	43.820	24ec41e25518
b01	def	10	2	5.88	20.05	0.81	20.86	41.771	24ec41e25518
b01	def	10	3	5.78	19.63	0.83	20.46	40.990	24ec41e25518
b02	def	1	1	1.47	2.59	0.81	3.40	5.460	1833640d821c
b02	def	1	2	1.44	2.53	0.80	3.33	5.300	1833640d821c
b02	def	1	3	1.43	2.51	0.78	3.29	5.223	1833640d821c
b02	def	1	w0	1.46	2.61	0.79	3.40	5.508	1833640d821c
b02	def	10	1	7.62	26.86	0.88	27.74	56.365	0ef92a5f32ae
b02	def	10	2	7.46	25.91	0.86	26.77	54.097	0ef92a5f32ae
b02	def	10	3	7.48	26.05	0.84	26.89	54.323	0ef92a5f32ae
b03	def	1	1	1.77	3.78	0.82	4.60	7.924	e48e61541060
b03	def	1	2	1.74	3.73	0.78	4.51	7.741	e48e61541060
b03	def	1	3	1.74	3.71	0.79	4.50	7.740	e48e61541060
b03	def	10	1	10.62	38.39	0.91	39.30	80.261	8266698b774a
b03	def	10	2	10.25	37.27	0.93	38.20	77.726	8266698b774a
b03	def	10	3	10.18	37.05	0.90	37.95	77.306	8266698b774a
b05	def	1	1	2.34	5.86	0.85	6.71	12.136	f4eef046903d
b05	def	1	2	2.29	5.63	0.87	6.50	11.654	f4eef046903d
b05	def	1	3	2.30	5.67	0.88	6.55	11.811	f4eef046903d
b05	def	10	1	15.56	57.21	1.34	58.55	119.429	bcf9fb6d045b
b05	def	10	2	15.11	55.38	1.33	56.71	115.261	bcf9fb6d045b
b05	def	10	3	15.15	55.66	1.16	56.82	115.527	bcf9fb6d045b
b08	def	1	1	3.07	8.61	0.92	9.53	17.891	e4f4df6e32cb
b08	def	1	2	2.99	8.34	0.89	9.23	17.276	e4f4df6e32cb
b08	def	1	3	3.02	8.40	0.95	9.35	17.555	e4f4df6e32cb
b08	def	10	1	23.70	87.46	2.03	89.49	182.045	b6580fa8231c
b08	def	10	2	23.21	85.72	2.00	87.72	178.268	b6580fa8231c
b08	def	10	3	22.96	84.70	1.98	86.68	176.041	b6580fa8231c
b12	def	1	1	2.55	3.60	1.69	5.29	7.099	8a438a8d0e7c
b12	def	1	2	2.52	3.58	1.61	5.19	7.150	8a438a8d0e7c
b12	def	1	3	2.52	3.67	1.59	5.26	7.162	8a438a8d0e7c
b12	def	10	1	17.41	37.86	7.87	45.73	74.061	d10a8d340387
b12	def	10	2	17.39	37.57	8.30	45.87	74.148	d10a8d340387
b12	def	10	3	17.47	37.09	8.65	45.74	73.780	d10a8d340387
b01	forced	1	1	1.43	1.03	1.17	2.20	1.965	e933b66d7d9e
b01	forced	1	2	1.43	1.09	1.12	2.21	1.957	e933b66d7d9e
b01	forced	1	3	1.38	1.08	1.09	2.17	1.919	e933b66d7d9e
b01	forced	10	1	6.18	10.10	4.25	14.35	19.477	24ec41e25518
b01	forced	10	2	6.07	9.75	4.35	14.10	19.058	24ec41e25518
b01	forced	10	3	6.06	9.73	4.35	14.08	19.157	24ec41e25518
b02	forced	1	1	1.44	1.12	1.19	2.31	2.133	1833640d821c
b02	forced	1	2	1.43	1.13	1.18	2.31	2.166	1833640d821c
b02	forced	1	3	1.41	1.15	1.17	2.32	2.213	1833640d821c
b02	forced	1	w0	1.42	1.11	1.21	2.32	2.170	1833640d821c
b02	forced	10	1	6.51	11.16	4.50	15.66	22.113	0ef92a5f32ae
b02	forced	10	2	6.51	11.11	4.48	15.59	21.843	0ef92a5f32ae
b02	forced	10	3	6.52	10.96	4.63	15.59	21.873	0ef92a5f32ae
b03	forced	1	1	1.54	1.35	1.26	2.61	2.597	e48e61541060
b03	forced	1	2	1.50	1.36	1.22	2.58	2.671	e48e61541060
b03	forced	1	3	1.52	1.44	1.17	2.61	2.633	e48e61541060
b03	forced	10	1	7.65	13.23	4.98	18.21	25.868	8266698b774a
b03	forced	10	2	7.56	13.38	4.84	18.22	25.851	8266698b774a
b03	forced	10	3	7.52	13.13	4.85	17.98	25.494	8266698b774a
b05	forced	1	1	1.73	1.79	1.31	3.10	3.403	f4eef046903d
b05	forced	1	2	1.73	1.82	1.31	3.13	3.444	f4eef046903d
b05	forced	1	3	1.72	1.82	1.28	3.10	3.444	f4eef046903d
b05	forced	10	1	9.23	17.29	5.73	23.02	34.387	bcf9fb6d045b
b05	forced	10	2	9.27	17.27	5.72	22.99	34.091	bcf9fb6d045b
b05	forced	10	3	9.28	17.41	5.50	22.91	33.892	bcf9fb6d045b
b08	forced	1	1	1.99	2.44	1.41	3.85	4.697	e4f4df6e32cb
b08	forced	1	2	2.01	2.36	1.50	3.86	4.727	e4f4df6e32cb
b08	forced	1	3	1.98	2.39	1.49	3.88	4.691	e4f4df6e32cb
b08	forced	10	1	12.28	24.34	6.86	31.20	48.176	b6580fa8231c
b08	forced	10	2	12.21	24.49	6.67	31.16	47.920	b6580fa8231c
b08	forced	10	3	12.23	24.54	6.59	31.13	47.903	b6580fa8231c
b12	forced	1	1	2.53	3.59	1.66	5.25	7.145	8a438a8d0e7c
b12	forced	1	2	2.55	3.68	1.53	5.21	7.145	8a438a8d0e7c
b12	forced	1	3	2.55	3.63	1.69	5.32	7.147	8a438a8d0e7c
b12	forced	10	1	17.46	37.36	8.51	45.87	74.280	d10a8d340387
b12	forced	10	2	17.43	37.46	8.50	45.96	74.318	d10a8d340387
b12	forced	10	3	17.48	37.10	8.72	45.82	73.777	d10a8d340387
b01	forcedp	1	1	1.35	0.74	1.19	1.93	1.416	e933b66d7d9e
b01	forcedp	1	2	1.34	0.75	1.18	1.93	1.404	e933b66d7d9e
b01	forcedp	1	3	1.34	0.66	1.26	1.92	1.383	e933b66d7d9e
b01	forcedp	10	1	5.75	7.44	4.32	11.76	14.003	24ec41e25518
b01	forcedp	10	2	5.78	7.38	4.53	11.91	13.955	24ec41e25518
b01	forcedp	10	3	5.72	7.19	4.56	11.75	13.970	24ec41e25518
b02	forcedp	1	1	1.40	0.88	1.20	2.08	1.674	1833640d821c
b02	forcedp	1	2	1.40	0.83	1.25	2.08	1.597	1833640d821c
b02	forcedp	1	3	1.41	0.88	1.21	2.09	1.639	1833640d821c
b02	forcedp	10	1	6.23	8.45	4.75	13.20	16.423	0ef92a5f32ae
b02	forcedp	10	2	6.27	8.58	4.66	13.24	16.383	0ef92a5f32ae
b02	forcedp	10	3	6.24	8.66	4.52	13.18	16.336	0ef92a5f32ae
b03	forcedp	1	1	1.48	1.01	1.31	2.32	2.045	e48e61541060
b03	forcedp	1	2	1.54	1.03	1.32	2.35	2.007	e48e61541060
b03	forcedp	1	3	1.48	1.19	1.14	2.33	2.054	e48e61541060
b03	forcedp	10	1	7.34	10.48	5.14	15.62	19.886	8266698b774a
b03	forcedp	10	2	7.25	10.21	5.29	15.50	19.721	8266698b774a
b03	forcedp	10	3	7.24	10.17	5.33	15.50	19.727	8266698b774a
b05	forcedp	1	1	1.75	1.40	1.50	2.90	2.809	f4eef046903d
b05	forcedp	1	2	1.71	1.46	1.39	2.85	2.836	f4eef046903d
b05	forcedp	1	3	1.76	1.55	1.31	2.86	2.863	f4eef046903d
b05	forcedp	10	1	9.04	14.34	5.87	20.21	27.644	bcf9fb6d045b
b05	forcedp	10	2	9.11	14.11	6.16	20.27	27.609	bcf9fb6d045b
b05	forcedp	10	3	9.06	13.96	6.27	20.23	27.667	bcf9fb6d045b
b08	forcedp	1	1	2.01	2.06	1.47	3.53	3.977	e4f4df6e32cb
b08	forcedp	1	2	1.99	2.05	1.52	3.57	4.048	e4f4df6e32cb
b08	forcedp	1	3	2.03	2.13	1.46	3.59	4.036	e4f4df6e32cb
b08	forcedp	10	1	12.25	20.86	7.40	28.26	41.037	b6580fa8231c
b08	forcedp	10	2	12.24	21.26	7.15	28.41	41.110	b6580fa8231c
b08	forcedp	10	3	12.33	21.14	7.21	28.35	41.214	b6580fa8231c
b12	forcedp	1	1	2.58	3.34	1.63	4.97	6.419	8a438a8d0e7c
b12	forcedp	1	2	2.56	3.15	1.79	4.94	6.365	8a438a8d0e7c
b12	forcedp	1	3	2.56	3.21	1.71	4.92	6.347	8a438a8d0e7c
b12	forcedp	10	1	17.71	33.77	8.96	42.73	66.419	d10a8d340387
b12	forcedp	10	2	17.69	33.69	8.85	42.54	66.059	d10a8d340387
b12	forcedp	10	3	17.77	33.93	8.87	42.80	66.309	d10a8d340387
