1089-134686-0004	5.215	NUMBER TEN FRESH NELLY IS WAITING ON YOU GOOD NIGHT HUSBAND
1188-133604-0014	4.390	DO NOT THEREFORE THINK THAT THE GOTHIC SCHOOL IS AN EASY ONE
121-121726-0001	5.925	HARANGUE THE TIRESOME PRODUCT OF A TIRELESS TONGUE
1221-135766-0002	4.825	YET THESE THOUGHTS AFFECTED HESTER PRYNNE LESS WITH HOPE THAN APPREHENSION
1284-1180-0003	4.835	FOR A LONG TIME HE HAD WISHED TO EXPLORE THE BEAUTIFUL LAND OF OZ IN WHICH THEY LIVED
1320-122612-0005	5.915	YET HERE ARE WE WITHIN A SHORT RANGE OF THE SCAROONS AND NOT A SIGN OF A TRAIL HAVE WE CROSSED
1580-141083-0004	4.515	I HAD TO READ IT OVER CAREFULLY AS THE TEXT MUST BE ABSOLUTELY CORRECT
1995-1826-0002	4.605	JOHN TAYLOR WHO HAD SUPPORTED HER THROUGH COLLEGE WAS INTERESTED IN COTTON
2094-142345-0021	5.335	THAT'S THE WAY WITH YOU THAT'S THE ROAD YOU'D ALL LIKE TO GO HEADLONGS TO RUIN
2300-131720-0000	5.080	THE PARIS PLANT LIKE THAT AT THE CRYSTAL PALACE WAS A TEMPORARY EXHIBIT
