model	clip_s	arm	rep	wall_s	user_s	sys_s	cpu_s	rt	md5	accel
SenseVoiceSmall-Q8_0	003	npu	0	0.585	1.286	0.214	1.500	9	8a662be647ea	1
SenseVoiceSmall-Q8_0	003	cpu	0	0.570	1.275	0.205	1.480	9	8a662be647ea	0
SenseVoiceSmall-Q8_0	003	npu	1	0.575	1.324	0.172	1.496	9	8a662be647ea	1
SenseVoiceSmall-Q8_0	003	cpu	1	0.650	1.313	0.252	1.565	9	8a662be647ea	0
SenseVoiceSmall-Q8_0	003	cpu	2	0.582	1.308	0.184	1.492	9	8a662be647ea	0
SenseVoiceSmall-Q8_0	003	npu	2	0.596	1.336	0.191	1.527	9	8a662be647ea	1
SenseVoiceSmall-Q8_0	010	npu	0	1.428	4.336	0.213	4.549	8	791838708561	1
SenseVoiceSmall-Q8_0	010	cpu	0	1.423	4.353	0.192	4.545	8	791838708561	0
SenseVoiceSmall-Q8_0	010	npu	1	1.423	4.320	0.214	4.534	8	791838708561	1
SenseVoiceSmall-Q8_0	010	cpu	1	1.451	4.368	0.210	4.578	8	791838708561	0
SenseVoiceSmall-Q8_0	010	cpu	2	1.534	4.390	0.291	4.681	8	791838708561	0
SenseVoiceSmall-Q8_0	010	npu	2	1.442	4.342	0.219	4.561	8	791838708561	1
SenseVoiceSmall-Q8_0	030	npu	0	4.181	14.167	0.276	14.443	8	dff402511a4b	1
SenseVoiceSmall-Q8_0	030	cpu	0	4.165	14.088	0.295	14.383	8	dff402511a4b	0
SenseVoiceSmall-Q8_0	030	npu	1	4.035	13.615	0.254	13.869	8	dff402511a4b	1
SenseVoiceSmall-Q8_0	030	cpu	1	3.955	13.463	0.230	13.693	8	dff402511a4b	0
SenseVoiceSmall-Q8_0	030	cpu	2	4.013	13.605	0.238	13.843	8	dff402511a4b	0
SenseVoiceSmall-Q8_0	030	npu	2	3.914	13.315	0.240	13.555	8	dff402511a4b	1
SenseVoiceSmall-Q8_0	060	npu	0	6.733	17.155	1.047	18.202	9	6a79c122dc58	1
SenseVoiceSmall-Q8_0	060	cpu	0	8.929	31.862	0.260	32.122	7	d96c207518c1	0
SenseVoiceSmall-Q8_0	060	npu	1	6.728	17.147	1.043	18.190	9	6a79c122dc58	1
SenseVoiceSmall-Q8_0	060	cpu	1	8.962	31.945	0.290	32.235	7	d96c207518c1	0
SenseVoiceSmall-Q8_0	060	cpu	2	9.024	32.191	0.280	32.471	7	d96c207518c1	0
SenseVoiceSmall-Q8_0	060	npu	2	6.790	17.203	1.106	18.309	9	6a79c122dc58	1
SenseVoiceSmall-Q8_0	120	npu	0	17.440	51.663	1.400	53.063	7	bffa86d300e2	1
SenseVoiceSmall-Q8_0	120	cpu	0	23.037	84.470	0.523	84.993	5	5fe9aec7a9ec	0
SenseVoiceSmall-Q8_0	120	npu	1	17.686	51.739	1.597	53.336	7	bffa86d300e2	1
SenseVoiceSmall-Q8_0	120	cpu	1	23.322	85.802	0.470	86.272	5	5fe9aec7a9ec	0
SenseVoiceSmall-Q8_0	120	cpu	2	23.021	84.706	0.423	85.129	5	5fe9aec7a9ec	0
SenseVoiceSmall-Q8_0	120	npu	2	17.973	52.400	1.636	54.036	7	bffa86d300e2	1
parakeet-ctc-0.6b-Q8_0	003	npu	0	1.451	2.535	0.613	3.148	5	861e6baf87e6	1
parakeet-ctc-0.6b-Q8_0	003	cpu	0	1.609	2.600	0.710	3.310	5	861e6baf87e6	0
parakeet-ctc-0.6b-Q8_0	003	npu	1	1.441	2.590	0.550	3.140	5	861e6baf87e6	1
parakeet-ctc-0.6b-Q8_0	003	cpu	1	1.425	2.540	0.585	3.125	5	861e6baf87e6	0
parakeet-ctc-0.6b-Q8_0	003	cpu	2	1.457	2.565	0.589	3.154	5	861e6baf87e6	0
parakeet-ctc-0.6b-Q8_0	003	npu	2	1.457	2.537	0.616	3.153	5	861e6baf87e6	1
parakeet-ctc-0.6b-Q8_0	010	npu	0	3.065	7.939	0.840	8.779	5	8c30574e1aaf	1
parakeet-ctc-0.6b-Q8_0	010	cpu	0	2.997	8.068	0.745	8.813	5	8c30574e1aaf	0
parakeet-ctc-0.6b-Q8_0	010	npu	1	2.915	8.281	0.626	8.907	5	8c30574e1aaf	1
parakeet-ctc-0.6b-Q8_0	010	cpu	1	2.914	8.286	0.607	8.893	5	8c30574e1aaf	0
parakeet-ctc-0.6b-Q8_0	010	cpu	2	3.278	8.341	0.984	9.325	5	8c30574e1aaf	0
parakeet-ctc-0.6b-Q8_0	010	npu	2	2.989	8.374	0.660	9.034	5	8c30574e1aaf	1
parakeet-ctc-0.6b-Q8_0	030	npu	0	6.997	23.788	0.760	24.548	5	33926e2da3b1	1
parakeet-ctc-0.6b-Q8_0	030	cpu	0	7.134	24.935	0.657	25.592	5	b8f51f71a6f0	0
parakeet-ctc-0.6b-Q8_0	030	npu	1	7.062	23.863	0.829	24.692	5	33926e2da3b1	1
parakeet-ctc-0.6b-Q8_0	030	cpu	1	7.133	24.933	0.676	25.609	5	b8f51f71a6f0	0
parakeet-ctc-0.6b-Q8_0	030	cpu	2	7.307	25.060	0.809	25.869	5	b8f51f71a6f0	0
parakeet-ctc-0.6b-Q8_0	030	npu	2	7.015	23.760	0.799	24.559	5	33926e2da3b1	1
parakeet-ctc-0.6b-Q8_0	060	npu	0	10.440	28.304	1.907	30.211	6	481f14c61f12	1
parakeet-ctc-0.6b-Q8_0	060	cpu	0	14.894	55.160	0.966	56.126	4	481f14c61f12	0
parakeet-ctc-0.6b-Q8_0	060	npu	1	10.332	27.861	1.908	29.769	6	481f14c61f12	1
parakeet-ctc-0.6b-Q8_0	060	cpu	1	15.073	55.028	1.016	56.044	4	481f14c61f12	0
parakeet-ctc-0.6b-Q8_0	060	cpu	2	14.921	55.330	0.830	56.160	4	481f14c61f12	0
parakeet-ctc-0.6b-Q8_0	060	npu	2	10.481	28.104	1.929	30.033	7	481f14c61f12	1
parakeet-ctc-0.6b-Q8_0	120	npu	0	24.505	66.741	5.139	71.880	5	fac1538d7bc0	1
parakeet-ctc-0.6b-Q8_0	120	cpu	0	35.265	135.321	1.230	136.551	4	5ce956a6dc93	0
parakeet-ctc-0.6b-Q8_0	120	npu	1	24.130	66.357	4.875	71.232	5	fac1538d7bc0	1
parakeet-ctc-0.6b-Q8_0	120	cpu	1	34.788	132.583	1.423	134.006	4	5ce956a6dc93	0
parakeet-ctc-0.6b-Q8_0	120	cpu	2	35.274	135.605	1.130	136.735	3	5ce956a6dc93	0
parakeet-ctc-0.6b-Q8_0	120	npu	2	24.362	66.505	5.121	71.626	5	fac1538d7bc0	1
