model	clip_s	arm	rep	wall_s	user_s	sys_s	cpu_s	rt	md5
SenseVoiceSmall-Q8_0	003	cpu	0	0.660	1.286	0.283	1.569	9	d409af9029b8
SenseVoiceSmall-Q8_0	003	npu512	0	0.623	1.301	0.234	1.535	9	d409af9029b8
SenseVoiceSmall-Q8_0	003	npu128	0	0.668	1.341	0.257	1.598	9	d409af9029b8
SenseVoiceSmall-Q8_0	003	cpu	1	0.574	1.300	0.185	1.485	9	d409af9029b8
SenseVoiceSmall-Q8_0	003	npu512	1	0.657	1.362	0.249	1.611	9	d409af9029b8
SenseVoiceSmall-Q8_0	003	npu128	1	0.593	1.317	0.193	1.510	9	d409af9029b8
SenseVoiceSmall-Q8_0	003	npu128	2	0.577	1.326	0.184	1.510	9	d409af9029b8
SenseVoiceSmall-Q8_0	003	npu512	2	0.567	1.307	0.174	1.481	9	d409af9029b8
SenseVoiceSmall-Q8_0	003	cpu	2	0.592	1.305	0.211	1.516	9	d409af9029b8
SenseVoiceSmall-Q8_0	010	cpu	0	1.455	4.338	0.253	4.591	8	4c3bd3bd4473
SenseVoiceSmall-Q8_0	010	npu512	0	1.549	4.451	0.287	4.738	8	4c3bd3bd4473
SenseVoiceSmall-Q8_0	010	npu128	0	1.588	3.069	0.638	3.707	8	c1694bd07d5e
SenseVoiceSmall-Q8_0	010	cpu	1	1.429	4.354	0.203	4.557	8	4c3bd3bd4473
SenseVoiceSmall-Q8_0	010	npu512	1	1.455	4.387	0.209	4.596	8	4c3bd3bd4473
SenseVoiceSmall-Q8_0	010	npu128	1	1.518	2.913	0.639	3.552	8	c1694bd07d5e
SenseVoiceSmall-Q8_0	010	npu128	2	1.664	2.941	0.784	3.725	8	c1694bd07d5e
SenseVoiceSmall-Q8_0	010	npu512	2	1.404	4.313	0.186	4.499	9	4c3bd3bd4473
SenseVoiceSmall-Q8_0	010	cpu	2	1.453	4.360	0.218	4.578	8	4c3bd3bd4473
SenseVoiceSmall-Q8_0	030	cpu	0	3.937	13.354	0.230	13.584	8	b76734173c02
SenseVoiceSmall-Q8_0	030	npu512	0	3.949	13.361	0.253	13.614	8	b76734173c02
SenseVoiceSmall-Q8_0	030	npu128	0	3.280	7.118	0.887	8.005	10	e12b6d482d7a
SenseVoiceSmall-Q8_0	030	cpu	1	3.983	13.308	0.297	13.605	8	b76734173c02
SenseVoiceSmall-Q8_0	030	npu512	1	3.926	13.365	0.237	13.602	8	b76734173c02
SenseVoiceSmall-Q8_0	030	npu128	1	3.255	6.997	0.848	7.845	11	e12b6d482d7a
SenseVoiceSmall-Q8_0	030	npu128	2	3.215	7.090	0.805	7.895	10	e12b6d482d7a
SenseVoiceSmall-Q8_0	030	npu512	2	4.097	13.632	0.310	13.942	8	b76734173c02
SenseVoiceSmall-Q8_0	030	cpu	2	3.944	13.483	0.200	13.683	8	b76734173c02
SenseVoiceSmall-Q8_0	060	cpu	0	8.972	32.071	0.223	32.294	7	c474efa83c2b
SenseVoiceSmall-Q8_0	060	npu512	0	6.741	17.263	1.004	18.267	9	139bfec10fa8
SenseVoiceSmall-Q8_0	060	npu128	0	6.763	17.179	1.033	18.212	9	139bfec10fa8
SenseVoiceSmall-Q8_0	060	cpu	1	8.962	31.968	0.246	32.214	7	c474efa83c2b
SenseVoiceSmall-Q8_0	060	npu512	1	6.812	17.332	1.099	18.431	9	139bfec10fa8
SenseVoiceSmall-Q8_0	060	npu128	1	6.738	17.142	1.078	18.220	9	139bfec10fa8
SenseVoiceSmall-Q8_0	060	npu128	2	6.737	17.205	1.024	18.229	9	139bfec10fa8
SenseVoiceSmall-Q8_0	060	npu512	2	6.708	17.122	1.033	18.155	9	139bfec10fa8
SenseVoiceSmall-Q8_0	060	cpu	2	8.943	31.868	0.281	32.149	7	c474efa83c2b
SenseVoiceSmall-Q8_0	120	cpu	0	23.966	88.377	0.457	88.834	5	5a41ae0da28c
SenseVoiceSmall-Q8_0	120	npu512	0	18.155	53.106	1.532	54.638	7	1e40138c1715
SenseVoiceSmall-Q8_0	120	npu128	0	18.171	52.893	1.547	54.440	7	1e40138c1715
SenseVoiceSmall-Q8_0	120	cpu	1	23.434	86.359	0.456	86.815	5	5a41ae0da28c
SenseVoiceSmall-Q8_0	120	npu512	1	17.745	51.997	1.486	53.483	7	1e40138c1715
SenseVoiceSmall-Q8_0	120	npu128	1	18.198	53.240	1.453	54.693	7	1e40138c1715
SenseVoiceSmall-Q8_0	120	npu128	2	17.563	51.792	1.494	53.286	7	1e40138c1715
SenseVoiceSmall-Q8_0	120	npu512	2	18.023	52.358	1.700	54.058	7	1e40138c1715
SenseVoiceSmall-Q8_0	120	cpu	2	23.024	84.939	0.423	85.362	5	5a41ae0da28c
parakeet-ctc-0.6b-Q8_0	003	cpu	0	1.444	2.548	0.597	3.145	5	138e53f45e7d
parakeet-ctc-0.6b-Q8_0	003	npu512	0	1.453	2.533	0.618	3.151	5	138e53f45e7d
parakeet-ctc-0.6b-Q8_0	003	npu128	0	1.450	2.567	0.581	3.148	5	138e53f45e7d
parakeet-ctc-0.6b-Q8_0	003	cpu	1	1.433	2.585	0.547	3.132	5	138e53f45e7d
parakeet-ctc-0.6b-Q8_0	003	npu512	1	1.450	2.577	0.573	3.150	5	138e53f45e7d
parakeet-ctc-0.6b-Q8_0	003	npu128	1	1.433	2.605	0.524	3.129	5	138e53f45e7d
parakeet-ctc-0.6b-Q8_0	003	npu128	2	1.434	2.552	0.578	3.130	5	138e53f45e7d
parakeet-ctc-0.6b-Q8_0	003	npu512	2	1.455	2.562	0.589	3.151	5	138e53f45e7d
parakeet-ctc-0.6b-Q8_0	003	cpu	2	1.438	2.571	0.569	3.140	5	138e53f45e7d
parakeet-ctc-0.6b-Q8_0	010	cpu	0	3.097	8.337	0.785	9.122	5	7a4c073445db
parakeet-ctc-0.6b-Q8_0	010	npu512	0	3.108	8.312	0.773	9.085	5	7a4c073445db
parakeet-ctc-0.6b-Q8_0	010	npu128	0	2.880	7.687	0.723	8.410	5	7a4c073445db
parakeet-ctc-0.6b-Q8_0	010	cpu	1	2.847	8.019	0.623	8.642	5	7a4c073445db
parakeet-ctc-0.6b-Q8_0	010	npu512	1	2.890	8.204	0.603	8.807	5	7a4c073445db
parakeet-ctc-0.6b-Q8_0	010	npu128	1	3.046	7.772	0.863	8.635	5	7a4c073445db
parakeet-ctc-0.6b-Q8_0	010	npu128	2	2.869	7.707	0.708	8.415	5	7a4c073445db
parakeet-ctc-0.6b-Q8_0	010	npu512	2	2.922	8.293	0.614	8.907	5	7a4c073445db
parakeet-ctc-0.6b-Q8_0	010	cpu	2	2.951	8.369	0.626	8.995	5	7a4c073445db
parakeet-ctc-0.6b-Q8_0	030	cpu	0	7.436	25.791	0.830	26.621	5	87270bd7d617
parakeet-ctc-0.6b-Q8_0	030	npu512	0	7.013	23.769	0.796	24.565	5	f61703e66bb8
parakeet-ctc-0.6b-Q8_0	030	npu128	0	5.587	12.832	1.588	14.420	7	25d4ca611e79
parakeet-ctc-0.6b-Q8_0	030	cpu	1	7.650	26.467	0.770	27.237	5	87270bd7d617
parakeet-ctc-0.6b-Q8_0	030	npu512	1	6.999	23.853	0.742	24.595	5	f61703e66bb8
parakeet-ctc-0.6b-Q8_0	030	npu128	1	5.450	12.826	1.494	14.320	7	25d4ca611e79
parakeet-ctc-0.6b-Q8_0	030	npu128	2	5.543	12.800	1.557	14.357	7	25d4ca611e79
parakeet-ctc-0.6b-Q8_0	030	npu512	2	7.147	24.190	0.831	25.021	5	f61703e66bb8
parakeet-ctc-0.6b-Q8_0	030	cpu	2	7.125	24.947	0.660	25.607	5	87270bd7d617
parakeet-ctc-0.6b-Q8_0	060	cpu	0	15.398	57.309	0.797	58.106	4	e49ab7efcbfe
parakeet-ctc-0.6b-Q8_0	060	npu512	0	10.301	28.010	1.804	29.814	6	e49ab7efcbfe
parakeet-ctc-0.6b-Q8_0	060	npu128	0	10.313	28.060	1.711	29.771	7	e49ab7efcbfe
parakeet-ctc-0.6b-Q8_0	060	cpu	1	14.898	55.251	0.856	56.107	4	e49ab7efcbfe
parakeet-ctc-0.6b-Q8_0	060	npu512	1	10.372	28.134	1.957	30.091	6	e49ab7efcbfe
parakeet-ctc-0.6b-Q8_0	060	npu128	1	10.497	28.058	1.914	29.972	6	e49ab7efcbfe
parakeet-ctc-0.6b-Q8_0	060	npu128	2	10.322	27.972	1.790	29.762	6	e49ab7efcbfe
parakeet-ctc-0.6b-Q8_0	060	npu512	2	10.335	28.061	1.738	29.799	6	e49ab7efcbfe
parakeet-ctc-0.6b-Q8_0	060	cpu	2	14.874	55.099	0.783	55.882	4	e49ab7efcbfe
parakeet-ctc-0.6b-Q8_0	120	cpu	0	34.837	133.831	1.173	135.004	4	d8b0b55ea9bf
parakeet-ctc-0.6b-Q8_0	120	npu512	0	24.198	66.193	4.786	70.979	5	70fba7a0cf11
parakeet-ctc-0.6b-Q8_0	120	npu128	0	24.252	66.664	5.129	71.793	5	70fba7a0cf11
parakeet-ctc-0.6b-Q8_0	120	cpu	1	34.928	134.266	1.070	135.336	4	d8b0b55ea9bf
parakeet-ctc-0.6b-Q8_0	120	npu512	1	24.144	66.170	4.776	70.946	5	70fba7a0cf11
parakeet-ctc-0.6b-Q8_0	120	npu128	1	24.359	66.362	4.935	71.297	5	70fba7a0cf11
parakeet-ctc-0.6b-Q8_0	120	npu128	2	24.217	66.074	4.922	70.996	5	70fba7a0cf11
parakeet-ctc-0.6b-Q8_0	120	npu512	2	24.395	66.900	4.633	71.533	5	70fba7a0cf11
parakeet-ctc-0.6b-Q8_0	120	cpu	2	34.830	133.723	1.223	134.946	4	d8b0b55ea9bf
