model	clip_s	arm	rep	wall_s	user_s	sys_s	cpu_s	enc_ms	dec_ms	total_ms	md5
tiny.en	003	npu	0	0.962	1.898	0.397	2.295	580.22	0.00	858.35	e9ec64120b54
tiny.en	003	cpu	0	1.038	3.261	0.201	3.462	677.32	0.00	1000.84	e9ec64120b54
tiny.en	003	npu	1	0.943	1.891	0.367	2.258	566.71	0.00	838.73	e9ec64120b54
tiny.en	003	cpu	1	1.103	3.469	0.191	3.660	676.88	0.00	1053.13	e9ec64120b54
tiny.en	003	cpu	2	0.912	2.986	0.139	3.125	631.18	0.00	874.91	e9ec64120b54
tiny.en	003	npu	2	0.947	1.889	0.375	2.264	568.31	0.00	834.07	e9ec64120b54
tiny.en	010	npu	0	1.072	2.284	0.407	2.691	579.24	7.50	968.89	5a6faf79dc6a
tiny.en	010	cpu	0	1.096	3.493	0.177	3.670	629.25	11.52	1054.94	5a6faf79dc6a
tiny.en	010	npu	1	1.112	2.345	0.401	2.746	623.52	7.55	1012.77	5a6faf79dc6a
tiny.en	010	cpu	1	1.259	4.029	0.195	4.224	652.62	20.73	1207.48	5a6faf79dc6a
tiny.en	010	cpu	2	1.129	3.563	0.196	3.759	663.15	7.53	1091.95	5a6faf79dc6a
tiny.en	010	npu	2	1.086	2.348	0.365	2.713	600.84	7.51	984.88	5a6faf79dc6a
tiny.en	030	npu	0	1.381	2.786	0.458	3.244	819.52	15.00	1279.73	13dca871559d
tiny.en	030	cpu	0	1.265	4.031	0.215	4.246	667.93	14.97	1226.58	13dca871559d
tiny.en	030	npu	1	1.121	2.560	0.345	2.905	571.14	14.90	1017.72	13dca871559d
tiny.en	030	cpu	1	1.247	3.977	0.203	4.180	675.96	15.01	1207.40	13dca871559d
tiny.en	030	cpu	2	1.229	3.961	0.183	4.144	678.64	14.92	1191.40	13dca871559d
tiny.en	030	npu	2	1.144	2.522	0.423	2.945	579.01	15.11	1042.21	13dca871559d
tiny.en	060	npu	0	1.839	4.662	0.506	5.168	1065.06	22.42	1735.83	3fa69ab20bb3
tiny.en	060	cpu	0	2.240	7.743	0.214	7.957	1288.13	43.79	2186.19	3fa69ab20bb3
tiny.en	060	npu	1	1.834	4.709	0.457	5.166	1059.79	22.54	1730.15	3fa69ab20bb3
tiny.en	060	cpu	1	2.253	7.780	0.244	8.024	1294.05	26.63	2209.34	3fa69ab20bb3
tiny.en	060	cpu	2	2.315	8.054	0.206	8.260	1321.65	53.08	2272.44	3fa69ab20bb3
tiny.en	060	npu	2	1.775	4.672	0.409	5.081	1030.38	22.51	1674.64	3fa69ab20bb3
tiny.en	120	npu	0	4.346	13.104	0.645	13.749	1994.25	41.41	4242.35	9730724f653a
tiny.en	120	cpu	0	5.210	18.877	0.268	19.145	2535.78	41.47	5169.85	9730724f653a
tiny.en	120	npu	1	4.283	13.062	0.566	13.628	1956.98	41.74	4178.90	9730724f653a
tiny.en	120	cpu	1	5.103	18.507	0.254	18.761	2563.05	71.90	5062.73	9730724f653a
tiny.en	120	cpu	2	5.033	18.098	0.331	18.429	2579.25	41.64	4993.36	9730724f653a
tiny.en	120	npu	2	4.492	13.241	0.742	13.983	2085.31	41.46	4386.56	9730724f653a
base.en	003	npu	0	1.646	3.748	0.553	4.301	1159.87	8.02	1526.12	0fe52fe40501
base.en	003	cpu	0	1.996	6.707	0.299	7.006	1454.97	12.32	1931.86	0fe52fe40501
base.en	003	npu	1	1.623	3.739	0.524	4.263	1076.86	8.09	1501.65	0fe52fe40501
base.en	003	cpu	1	1.940	6.661	0.230	6.891	1437.71	12.04	1876.64	0fe52fe40501
base.en	003	cpu	2	1.963	6.726	0.234	6.960	1501.07	8.05	1908.18	0fe52fe40501
base.en	003	npu	2	1.561	3.695	0.460	4.155	1062.27	8.08	1441.29	0fe52fe40501
base.en	010	npu	0	2.178	5.154	0.596	5.750	1352.05	16.18	2055.73	fa5240c0dd84
base.en	010	cpu	0	2.382	8.125	0.335	8.460	1477.89	24.35	2319.50	fa5240c0dd84
base.en	010	npu	1	2.174	5.120	0.593	5.713	1355.15	16.14	2053.37	fa5240c0dd84
base.en	010	cpu	1	2.360	8.176	0.259	8.435	1594.55	15.99	2304.65	fa5240c0dd84
base.en	010	cpu	2	2.205	7.559	0.283	7.842	1451.05	15.94	2152.94	fa5240c0dd84
base.en	010	npu	2	2.057	5.093	0.463	5.556	1276.03	15.97	1936.66	fa5240c0dd84
base.en	030	npu	0	2.234	5.851	0.524	6.375	1186.39	8.13	2113.45	88d8aa9f6c7d
base.en	030	cpu	0	2.591	9.079	0.249	9.328	1478.94	16.24	2538.97	3cb44b8882ab
base.en	030	npu	1	2.445	6.129	0.566	6.695	1375.18	8.12	2324.87	88d8aa9f6c7d
base.en	030	cpu	1	2.552	8.923	0.279	9.202	1502.86	16.26	2498.48	3cb44b8882ab
base.en	030	cpu	2	2.453	8.603	0.213	8.816	1466.20	16.16	2398.34	3cb44b8882ab
base.en	030	npu	2	2.200	5.873	0.483	6.356	1138.06	8.39	2056.23	88d8aa9f6c7d
base.en	060	npu	0	4.755	14.796	0.632	15.428	2129.19	49.17	4632.06	d672bbba4af9
base.en	060	cpu	0	5.628	20.661	0.412	21.073	3020.91	49.28	5568.59	3816fabab6e0
base.en	060	npu	1	4.860	14.908	0.636	15.544	2277.15	48.90	4739.88	d672bbba4af9
base.en	060	cpu	1	5.482	20.382	0.300	20.682	2884.43	48.81	5427.37	3816fabab6e0
base.en	060	cpu	2	5.549	20.420	0.356	20.776	2900.32	48.81	5492.95	3816fabab6e0
base.en	060	npu	2	4.560	14.329	0.657	14.986	2012.81	48.91	4437.92	d672bbba4af9
base.en	120	npu	0	9.870	32.649	0.894	33.543	3934.62	115.57	9719.26	524d2a9add7d
base.en	120	cpu	0	12.579	47.225	0.499	47.724	5812.75	66.23	12517.38	b3fd99f60842
base.en	120	npu	1	10.041	32.620	1.042	33.662	4111.64	115.45	9891.85	524d2a9add7d
base.en	120	cpu	1	12.466	46.713	0.522	47.235	5932.10	66.08	12404.92	b3fd99f60842
base.en	120	cpu	2	12.169	45.611	0.536	46.147	5826.08	66.11	12107.46	b3fd99f60842
base.en	120	npu	2	9.909	32.622	0.928	33.550	3964.84	115.51	9758.41	524d2a9add7d
small.en	003	npu	0	4.107	10.241	1.057	11.298	3080.31	21.93	3925.87	edcbc142716e
small.en	003	cpu	0	6.220	22.497	0.573	23.070	5169.58	0.00	6132.61	edcbc142716e
small.en	003	npu	1	4.374	10.605	1.006	11.611	3285.10	22.09	4192.02	edcbc142716e
small.en	003	cpu	1	6.277	22.864	0.514	23.378	5248.23	0.00	6186.76	edcbc142716e
small.en	003	cpu	2	6.082	22.045	0.549	22.594	5140.16	0.00	5995.30	edcbc142716e
small.en	003	npu	2	4.107	10.348	0.948	11.296	3079.01	21.87	3925.56	edcbc142716e
small.en	010	npu	0	9.490	30.398	1.172	31.570	3070.84	4525.79	9306.85	f4dc676c6be2
small.en	010	cpu	0	11.811	43.360	0.722	44.082	5419.40	4517.50	11723.43	f4dc676c6be2
small.en	010	npu	1	9.457	30.480	1.082	31.562	3101.19	4519.77	9273.87	f4dc676c6be2
small.en	010	cpu	1	11.635	42.659	0.744	43.403	5244.30	4503.06	11547.50	f4dc676c6be2
small.en	010	cpu	2	11.398	42.093	0.646	42.739	5120.39	4508.47	11309.95	f4dc676c6be2
small.en	010	npu	2	9.650	30.413	1.340	31.753	3083.24	4526.30	9467.53	f4dc676c6be2
small.en	030	npu	0	5.792	15.637	1.247	16.884	3215.08	199.92	5597.36	0dc394434b66
small.en	030	cpu	0	7.422	27.110	0.577	27.687	5150.40	200.13	7336.60	0dc394434b66
small.en	030	npu	1	5.387	15.241	0.971	16.212	3083.60	199.65	5206.67	0dc394434b66
small.en	030	cpu	1	7.522	27.056	0.660	27.716	5158.29	199.57	7437.37	0dc394434b66
small.en	030	cpu	2	7.707	28.396	0.520	28.916	5416.49	199.70	7620.34	0dc394434b66
small.en	030	npu	2	5.385	15.276	0.960	16.236	3094.33	200.06	5204.86	0dc394434b66
small.en	060	npu	0	9.872	29.535	1.365	30.900	6028.61	222.83	9687.76	59a2fedbd231
small.en	060	cpu	0	14.402	54.534	0.636	55.170	10562.77	221.81	14313.29	59a2fedbd231
small.en	060	npu	1	10.564	30.445	1.480	31.925	6574.61	222.35	10383.74	59a2fedbd231
small.en	060	cpu	1	14.729	55.747	0.662	56.409	10509.19	222.04	14641.48	59a2fedbd231
small.en	060	cpu	2	14.314	54.221	0.676	54.897	10357.59	221.63	14227.83	59a2fedbd231
small.en	060	npu	2	10.209	29.826	1.452	31.278	6249.37	223.05	10026.51	59a2fedbd231
small.en	120	npu	0	22.017	70.434	2.179	72.613	11947.57	382.90	21817.58	e77a3c3ed834
small.en	120	cpu	0	29.660	114.860	0.729	115.589	20816.89	315.58	29568.79	d84a104d4b67
small.en	120	npu	1	23.256	71.717	2.415	74.132	13210.17	383.71	23071.03	e77a3c3ed834
small.en	120	cpu	1	29.575	114.906	0.608	115.514	20960.17	313.30	29486.48	d84a104d4b67
small.en	120	cpu	2	30.016	115.764	0.743	116.507	21081.25	323.94	29927.60	d84a104d4b67
small.en	120	npu	2	22.394	71.016	2.148	73.164	12473.01	383.72	22207.45	e77a3c3ed834
