arm	rep	set	chunk	audio_s	wall_s	cpu_s	text
npu	1	s61-70968/clean/c20	002.wav	20.00	23.266	69.730	Master, though I am an old man. Fourth Whith all ran to the opening of the tent to see  what might be amiss, but Master Will, who peeped out first, needed no more than one glance.  He gave way to the others very readily and retreated unperceived by the squire in Mistress  fits ooth to the rear of the tent.  Cries of a knotting
npu	1	s61-70968/clean/c20	003.wav	20.00	7.694	21.850	him, unknotting him! Before them fled the stroller and his three sons, capless and terrified.  "What is that tumult and rioting?" cried out the squire authoritatively, and he blew  twice on the silver whistle which hung at his belt.  "Nay, we refuse their request most politely. Most noble," said the little stroller.
npu	1	s61-70968/clean/c20	004.wav	20.00	6.854	20.590	And then they became vexed and would have snatched your purse from us.  I could not see my boy injured excellence for but doing his duty as one of Cumberland's sons.  So I did push this fellow.  "It is enough," said George Gamewell sharply as he turned upon the crowd.  "Shame on you, citizen."
npu	1	s61-70968/clean/c20	005.wav	20.00	7.230	21.260	sins," cried he. "I blush for my fellows of Nottingham. Surely we can submit with good  grace."  "It is fine for you to talk, old man," answered the lean, sullen apprentice. "But I wrestled  with this fellow, and do know that he played unfairly in the second bout," spoke the squire  losing all patience.
npu	1	s61-70968/clean/c20	006.wav	20.00	9.054	24.150	"And it was to you that I gave another person consolation!"  "Come to me, men. Here, here!" he raised his voice still louder.  The strollers took their part in it with hearty zest, now that they had some chance of beating  off their foes.  Robin and the little tumbler between them tried to force the squire to stand back, and  very valiantly did these two comply.
npu	1	s61-70968/clean/c20	007.wav	20.00	8.111	22.050	themselves. The head and chief of the riot, the Nottingham  apprentice, with clenched fists threatened Montfichet. The squire helped to thrust them  all in and entered swiftly himself. "Now, be silent on your lives," he began, but the  captured apprentice set up an instant shout. "Silence, you naïve," cried Montfichet.
npu	1	s61-70968/clean/c20	008.wav	20.00	7.580	22.180	He felt fur and found the wizard's black cloth. The squire was quite out of breath.  Thrusting open the proper entrance of the tent, Robin suddenly rushed forth with his burden,  with a great shout, "A month viché, a month viché! Game well to the rescue!"  Taking advantage of this, the squire's few men redoubled their efforts, and,
npu	1	s61-70968/clean/c20	009.wav	20.00	7.653	21.570	encouraged by Robbins and the little strollers' cries, fought their way to him. George Montfichet  will never forget this day.  "What is your name, Lording?" asked the little stroller presently.  "Robin Fitzsouf. And mine is Will Stutley. Shall we become, Rads?"  "Right, Willing."
npu	1	s61-70968/clean/c20	010.wav	20.00	6.851	20.120	"I like you, Will. You are the second Will that I have met in light within two days. Is  there a sign in that?" Montfichet called out for Robin to give him an arm.  "Friends," said Montfichet faintly to the wrestlers. "Bear us escort so far as the sheriffs
npu	1	s61-70968/clean/c20	011.wav	20.00	7.140	21.350	house. It will not be safe for you to stay here now. Pray follow us, with mine and my  Lord Sheriff's men."  Nottingham Castle was reached, and admittance was demanded. Master Monceau, the Sheriff  of Nottingham, was mightily put about when told of the rioting, and Henry might return  to England at any moment.
npu	1	s61-70968/ssb15/c20	000.wav	20.00	6.738	20.200	He began a confused complaint against the wizard who had vanished behind the curtain on the left.  "If not so, earneth the mind of these mummeries, child, a golden fortune and a happy life."  He was like unto my father, in a way, and yet was not my father.  Also, there was a stripping page,
npu	1	s61-70968/ssb15/c20	001.wav	20.00	7.577	20.980	returned it to her maid. This was so sweet of Lady Sir, and in some manner I do think  she died. But then the picture was gone as quickly as it came. Mr. Nell, do you hear  these marbles? Take your place and let us see what the crystal can show to you. Like  if not young.
npu	1	s61-70968/ssb15/c20	002.wav	20.00	7.337	22.390	Master, though I am an old man.  Force Whist all ran to the opening of the tent to see what might be amiss, but Master  Will, who peaked out first, needed no more than one glance.  He gave way to the others very readily and retreated unperceived by the squire and mistress  Bidsooth to the rear of the tent.  Cry the—I'm not a ghost!
npu	1	s61-70968/ssb15/c20	003.wav	20.00	7.055	21.200	him, unknotting him. Before them fled the stroller and his three sons, capless and terrified.  "What is that tumult and rioting?" cried out the squire authoritatively, and he blew  twice on the silver whistle which hung at his cell. "Nay, we refuse their request most  politely, most noble," said the little stroller.
npu	1	s61-70968/ssb15/c20	004.wav	20.00	7.810	21.500	and then they became vexed and would have snatched your purse from us.  I could not see my boy injured at once,  for by doing the duty of one of Cumberland's sons.  So I did push this fellow.  It is enough that George came well sharply as he turned upon the crowd.  Shame on you citizen!
npu	1	s61-70968/ssb15/c20	005.wav	20.00	6.583	19.580	I blush for my fellows of Nottingham. Surely we can submit with good grace.  It is fine for you to talk, old man, answer the lean fellow in apprentice.  But I wrestled with his fellow and do know that he played unfairly in the second bout.  Spoke the squire losing all patience.
npu	1	s61-70968/ssb15/c20	006.wav	20.00	7.305	22.170	And it was to you that I gave another person consolation.  "Come to me, men. Here, here!" he raised his voice still louder.  The strollers took their part in it with hearty zest, now that they had some chance of beating off their foes.  Robbiting a little tumbler between them, tried to force the squire to stand back,  and very valiantly did these two from the back.
npu	1	s61-70968/ssb15/c20	007.wav	20.00	6.878	20.920	The head and chief of the riots in Ottingham Apprentice, with quench fists, threatened Mont-Pichet.  The squire helped to thrust them all in and entered swiftly himself.  "Now be silent on your lies," he began, but the captured apprentice set up an instant shout.  "Silence, you naïve," cried Mont-Pichet.
npu	1	s61-70968/ssb15/c20	008.wav	20.00	7.154	21.610	He felt for and found the wizard's black claw.  The squire was quite out of breath.  Thrusting opened the proper entrance of the tent.  Robin suddenly rushed forth with his burden with a great shout.  "A must be shea! A must be shea! Game well to the rescue!"  Taking advantage of this, the squire's few men redoubled their efforts and...
npu	1	s61-70968/ssb15/c20	009.wav	20.00	7.077	20.580	encouraged by Robin from the little stroller's drive, fought their way to him. George Montchichet  will never forget this day. "What is your name, Lording?" asked the little stroller presently.  "Robin is a thief, and mine is real stutley. Shall we become rats?"  "Right, Willing."
npu	1	s61-70968/ssb15/c20	010.wav	20.00	6.735	20.030	"I'd like you, Will. You're the second Will that I have met and liked within two days.  Is there a sign in that?"  Monty Shea called out for Robin to give him an arm.  "Bren," said Monty Shea faintly to the rep for, "bear us escort so far as the sheriff's
npu	1	s61-70968/ssb15/c20	011.wav	20.00	6.677	20.300	It will not be safe for you to stay here now.  Pray follow us, with mine and my Lord Sheriff's men.  Nottingham Castle was reached and admittance was demanded.  Master Momso, the Sheriff of Nottingham, was mightily put about when told of the rioting,  and Henry might return to England at any moment.
npu	1	s61-70968/ssb5/c20	000.wav	20.00	5.072	14.750	[  [  ]  [  ]  [  ]  [  ]  [  ]
npu	1	s61-70968/ssb5/c20	001.wav	20.00	7.537	22.400	I'm trying to figure this out. This was so easy. And somehow I do think she died. But then the picture has gone and quickly everything.  And now do you hear these marbles? Take your place and let us hear the cripple's mission. Like if not young.
npu	1	s61-70968/ssb5/c20	002.wav	20.00	6.020	18.070	[  [  ]  [  ]  [  ]  [  ]  [  ]  [  ]  [  ]  [  ]  [  ]  [  ]
npu	1	s61-70968/ssb5/c20	003.wav	20.00	7.322	22.010	We have automatic cameras.  Before them, led the scroller to the ground.  That was a terrifying sight.  We wondered if they'd come at them.  Why, it ain't tried out the fire.  So, we did it.  We tried to find them.  We were free with their request.  Look, the light was so renewable.  That the little scroller...
npu	1	s61-70968/ssb5/c20	004.wav	20.00	7.503	20.940	And then we could play back and would have snatched your person on you.  I could not see my boy injured actually, so the boys were easily able to come to the sun.  So I did push this fellow.  It was a mess.  That George Gaines well sharply turned the problem out.  She monkeying for the sun.
npu	1	s61-70968/ssb5/c20	005.wav	20.00	7.265	19.420	I dush for my fellows of Nottingham. Surely we can submit with good grace.  I bring you to talk, old man.  But I, recklessly, do know that he played unfairly in the second second.  So, this while, I'm using all patience.
npu	1	s61-70968/ssb5/c20	006.wav	20.00	7.284	21.460	And it was seen here that I gave another person consolation.  Company men, here, here!  We raised the voice so louder.  The strollers took their part in the department desk  now that they had some chance of beating off their bones.  Robin and the little tumbler between them  tried to force his wife to turn back.  And very valiantly did the excuse
npu	1	s61-70968/ssb5/c20	007.wav	20.00	6.706	19.670	The head and sheep of the riot may not have ascended, but French stiff threatened Montuchel.  The fire helped to thrust them all in and entered Ciccer's farm.  Now, these pilot on your slide, the captured offenders set up an instant shout.  The pilot used mainly to cry Montuchel.
npu	1	s61-70968/ssb5/c20	008.wav	20.00	4.910	14.450	[  ]  [  ]  [  ]  [  ]  [  ]
npu	1	s61-70968/ssb5/c20	009.wav	20.00	8.231	24.720	First I want to go to school with pride, awful as it is. George Montice will never forget this day.  What is your name, Lordy? Ask the Lord to come.  Welcome to the future.  And mind if you'll step away, so that he can come back.  Right, Lordy.
npu	1	s61-70968/ssb5/c20	010.wav	20.00	8.559	24.550	[Multiple voices]
npu	1	s61-70968/ssb5/c20	011.wav	20.00	7.129	21.450	It would not be safe for you to stay here now.  Great follow-up. With mine and my Lord Sheriff's men.  Not again, Capitol retreat.  No, this is just a matter of time.  Master Monstow, the Sheriff of Nottingham,  was lightly put about when told of the rioting.  And I'm not trying to ignore that any longer.
npu-ac1200-nf-nt-sns	1	s61-70968/clean/c20	002.wav	20.00	5.638	17.140	Master, though I am an old man. Fourth Whith all ran to the opening of the tent to see what might be amiss, but Master Will, who peeped out first, needed no more than one glance. He gave way to the others very readily and retreated unperceived by the squire in Mistress Fitzuth to the rear of the tent. Cries of a nodding
npu-ac1200-nf-nt-sns	1	s61-70968/clean/c20	003.wav	20.00	5.448	16.390	him, unknotting him! Before them fled the stroller and his three sons, capless and terrified. What is that tumult and rioting? cried out the squire authoritatively, and he blew twice on the silver whistle which hung at his belt. Nay, we refuse their request most politely. Most noble, said the little stroller,
npu-ac1200-nf-nt-sns	1	s61-70968/clean/c20	004.wav	20.00	5.228	15.630	And then they became vexed and would have snatched your purse from us. I could not see my boy injured excellence for but doing his duty as one of Cumberland's sons. So I did push this fellow. It is enough, said George Gamewell sharply as he turned upon the crowd. Shame on you, citizen!
npu-ac1200-nf-nt-sns	1	s61-70968/clean/c20	005.wav	20.00	5.615	16.740	sins," cried he. "'I blush for my fellows of Nottingham. Surely we can submit with good grace." "'Tis fine for you to talk, old man,' answered the lean, sullen apprentice. But I wrestled with this fellow, and do know that he played unfairly in the second bout." Spoke the squire, losing all patient.
npu-ac1200-nf-nt-sns	1	s61-70968/clean/c20	006.wav	20.00	5.680	17.130	And it was to you that I gave another person consolation. Come to me, men. Here, here!" He raised his voice still louder. The strollers took their part in it with hearty zest, now that they had some chance of beating off their foes. Robin and the little tumbler between them tried to force the squire to stand back, and very valiantly did these two
npu-ac1200-nf-nt-sns	1	s61-70968/clean/c20	007.wav	20.00	5.330	16.190	themselves. The head and chief of the riot, the Nottingham apprentice, with clenched fists threatened Montfichet. The squire helped to thrust them all in and entered swiftly himself. Now be silent on your lives, he began, but the captured apprentice set up an instant shout. Silence, you naïve, cried Montfichet.
npu-ac1200-nf-nt-sns	1	s61-70968/clean/c20	008.wav	20.00	5.598	17.050	He felt fur and found the wizard's black cloth. The squire was quite out of breath. Thrusting open the proper entrance of the tent, Robin suddenly rushed forth with his burden with a great shout, "'A month viché, a month viché! Game well to the rescue!" Taking advantage of this, the squire's few men redoubled their efforts, and,
npu-ac1200-nf-nt-sns	1	s61-70968/clean/c20	009.wav	20.00	5.244	15.890	encouraged by Robbins and the little strollers' cries, fought their way to him. George Montfichet will never forget this day. What is your name, Lording? asked the little stroller presently. Robbin Fitzsouf. And mine is Will Stutley. Shall we become, Rads? Right-willing
npu-ac1200-nf-nt-sns	1	s61-70968/clean/c20	010.wav	20.00	6.099	17.800	Interestingly, for between us we have won the battle," answered Robin. "'I like you, Will. You are the second Will that I have met in light within two days. Is there a sign in that?' Montfiché called out for Robin to give him an arm. "'Friends,' said Montfiché faintly to the wrestlers. "'Bear us escort so far as the sheriffs have
npu-ac1200-nf-nt-sns	1	s61-70968/clean/c20	011.wav	20.00	5.358	16.380	house. It will not be safe for you to stay here now. Pray follow us, with mine and my Lord Sheriff's men." Nottingham Castle was reached, and admittance was demanded. Master Monceau, the Sheriff of Nottingham, was mightily put about when told of the rioting, and Henry might return to England at any moment.
npu-ac1200-nf-nt-sns	1	s61-70968/ssb15/c20	000.wav	20.00	5.324	15.610	He began a confused complaint against the wizard who had vanished behind the curtain on the left. If not so earnest the mind of these mummeries, child, a golden fortune and a happy life, he was like unto my father in a way, and yet was not my father. Also, there was a stripping page,
npu-ac1200-nf-nt-sns	1	s61-70968/ssb15/c20	001.wav	20.00	5.260	15.730	returned it to her maid. This was so sweet of Lady Sir, and in some manner I do think she died. But then the picture was gone as quickly as it came. Mr. Nell, do you hear these marbles? Take your place and let us see what the crystal can show to you. Like if not young.
npu-ac1200-nf-nt-sns	1	s61-70968/ssb15/c20	002.wav	20.00	5.720	17.390	Master, though I am an old man. Force Whist all ran to the opening of the tent to see what might be amiss, but Master Will, who peaked out first, needed no more than one glance. He gave way to the others very readily and retreated unperceived by the squire and mistress Bidsooth to the rear of the tent. Crying as if I'm not
npu-ac1200-nf-nt-sns	1	s61-70968/ssb15/c20	003.wav	20.00	5.468	16.550	him, unknotting him. Before them fled the stroller and his three sons, capless and terrified. What is that tumult and rioting? cried out the squire authoritatively, and he blew twice on the silver whistle which hung at his cell. Nay, we retrieved their request most politely, most noble, said the little stroller.
npu-ac1200-nf-nt-sns	1	s61-70968/ssb15/c20	004.wav	20.00	5.142	15.620	and then they became vexed and would have snatched your purse from us. I could not see my boy injured at once, for by doing the duty of one of Cumberland's sons. So I did push this fellow. It is enough that George came well sharply as he turned upon the crowd. Shame on you citizen!
npu-ac1200-nf-nt-sns	1	s61-70968/ssb15/c20	005.wav	20.00	5.030	15.240	I blush for my fellows of Nottingham. Surely we can submit with good grace. It is fine for you to talk, old man," answered the lean fellow in apprentice, but I wrestled with his fellow and do know that he played unfairly in the second bout. Spoke the squire losing all patience,
npu-ac1200-nf-nt-sns	1	s61-70968/ssb15/c20	006.wav	20.00	5.723	17.430	And it was to you that I gave another person consolation. Come to me, men. Here, here!" He raised his voice still louder. The strollers took their part in it with hearty zest, now that they had some chance of beating off their foes. Robbidon, a little tumbler between them, tried to force this wire to stand back, and very valiantly did these two from
npu-ac1200-nf-nt-sns	1	s61-70968/ssb15/c20	007.wav	20.00	5.444	16.490	themselves. The head and chief of the riots in Ottingham Apprentice, with quench fists, threatened Montpichet. His squire helped to thrust them all in and entered swiftly himself. Now be silent on your lies, he began, but the captured apprentice set up an instant shout. Silent, you naïve, cried Montpichet.
npu-ac1200-nf-nt-sns	1	s61-70968/ssb15/c20	008.wav	20.00	5.475	16.760	He felt for and found the wizard's black claw. The squire was quite out of breath. Thrusting open the proper entrance of the tent, Robin suddenly rushed forth with his burden with a great shout. A musty shea, a musty shea! Game well to the rescue! Taking advantage of this, the squire's few men redoubled their efforts and,
npu-ac1200-nf-nt-sns	1	s61-70968/ssb15/c20	009.wav	20.00	5.004	14.920	encouraged by Robin from the little stroller's drive, fought their way to him. George Montice will never forget this day. What is your name, Lording? asked the little stroller presently. Robin sits loose, and mine is real stutley. Shall we become rats? Right, willing
npu-ac1200-nf-nt-sns	1	s61-70968/ssb15/c20	010.wav	20.00	5.704	17.430	for between us we have won the battle," answered Robin. "'I like you, Will. You are the second Will that I have met and liked within two days. Is there a sign in that?" Monty Shea called out for Robin to give him an arm. "'Bren," said Monty Shea faintly to the rep for, "'Bear us escort so far as the sheriff's house is."
npu-ac1200-nf-nt-sns	1	s61-70968/ssb15/c20	011.wav	20.00	5.233	15.820	It will not be safe for you to stay here now. Pray follow us, with mine and my Lord Sheriff's men." Nottingham Castle was reached and admittance was demanded. Master Momso, the Sheriff of Nottingham, was mightily put about when told of the rioting, and Henry might return to England at any moment.
npu-ac1200-nf-nt-sns	1	s61-70968/ssb5/c20	000.wav	20.00	4.842	14.790	The man who used to play with the Witcher would vanish from the game if not so early in the morning. He was not very young, a golden human, not coming by. He was not with my father, and yet looked off my phone. So there was a tripping page for the game.
npu-ac1200-nf-nt-sns	1	s61-70968/ssb5/c20	001.wav	20.00	4.713	14.250	I'm trying to figure this out. This was so easy. And somehow I do think she died. But then the picture was gone and quickly everything. And now do you hear these marbles? Take your place and let us hear the presentation. You like to be not young.
npu-ac1200-nf-nt-sns	1	s61-70968/ssb5/c20	002.wav	20.00	2.867	8.400	I'm not
npu-ac1200-nf-nt-sns	1	s61-70968/ssb5/c20	003.wav	20.00	5.516	16.570	We have automatic cameras. Before them, led the scroller to the ground. That was a terrifying sight. What if the commando rioting tried out the fire-soul and hit it with a piece of wood? Why from the silver lip of the tunnel itself? Today, we receive their request. Look, the lightning is so renewable, said the little scroller.
npu-ac1200-nf-nt-sns	1	s61-70968/ssb5/c20	004.wav	20.00	5.128	15.640	And then we could play back and would have snatched your person on you. I could not see my boy injured actually. So the boys were easily able to come to their son. So I did push this fellow. It was a mess. That George came well sharply and returned to cop a cab. She mon-used the decision.
npu-ac1200-nf-nt-sns	1	s61-70968/ssb5/c20	005.wav	20.00	5.011	14.350	I dush for my fellows of Nottingham. Surely we can submit with good grace. I bring you to talk, old man. But I, recklessly, and do know that he played unfairly in the second second. He broke his violin using all patience.
npu-ac1200-nf-nt-sns	1	s61-70968/ssb5/c20	006.wav	20.00	5.465	16.680	And it was seen you that I gave another person consolation to. Company men, here, here! We raised their voices so louder. The strollers took their parts with their parts in their mouths as they had some chance of beating off their bones. Robin and the little tumbler between them tried to force his wife to man back. And very valiantly did the excuse of me.
npu-ac1200-nf-nt-sns	1	s61-70968/ssb5/c20	007.wav	20.00	5.100	15.400	The head and she for the life of the Ottingham Center is plenty to threaten most of the show. The wire helps to thrust them all in and enters the system. Now, these silent on-goers lie. The captured offenders set up an instant shout. Silent, you may be surprised, Monty Sherry.
npu-ac1200-nf-nt-sns	1	s61-70968/ssb5/c20	008.wav	20.00	3.108	9.140	The rest of the men doubled their efforts and
npu-ac1200-nf-nt-sns	1	s61-70968/ssb5/c20	009.wav	20.00	3.705	11.120	George Montice will never forget this day. What is your name, Lordy? And mind of you a couple. Right, Lord.
npu-ac1200-nf-nt-sns	1	s61-70968/ssb5/c20	010.wav	20.00	4.976	14.970	I like the wheel. You're the second wheel that I have met and liked it so much. But they'll find a man. Moffy Shae called out to Robin to give him an arm. He said Moffy Shae faintly interrupted. There has been court so far this year.
npu-ac1200-nf-nt-sns	1	s61-70968/ssb5/c20	011.wav	20.00	5.051	15.260	It would not be safe for you to stay here now. Great follow-up. With mine and my Lord Sheriff's men. Not again, capital retreat. Master Monstow, the Sheriff of Nottingham, was lightly put about when told of the rioting. And the driver tried to ignore that any moment.
